{
	"cars": [
		{"manufacture": "Toyota", "year": 2023, "engine": 2.0},
		{"manufacture": "Honda", "year": 2021, "engine": 1.5},
		{"manufacture": "Ford", "year": 1995, "engine": 2.3},
		{"manufacture": "Chevrolet", "year": 2022, "engine": 1.8},
		{"manufacture": "Nissan", "year": 2005, "engine": 2.5},
		{"manufacture": "Audi", "year": 2018, "engine": 2.0},
		{"manufacture": "Volkswagen", "year": 2017, "engine": 1.8},
		{"manufacture": "Mazda", "year": 1999, "engine": 2.5},
		{"manufacture": "Hyundai", "year": 2020, "engine": 1.6},
		{"manufacture": "Kia", "year": 2023, "engine": 1.8},
		{"manufacture": "Lexus", "year": 2015, "engine": 3.5},
		{"manufacture": "Infiniti", "year": 2016, "engine": 3.0},
		{"manufacture": "Jaguar", "year": 2000, "engine": 2.0},
		{"manufacture": "Land Rover", "year": 2023, "engine": 3.0},
		{"manufacture": "Mercedes-Benz", "year": 1998, "engine": 4.0},
		{"manufacture": "BMW", "year": 2016, "engine": 2.5},
		{"manufacture": "Subaru", "year": 1997, "engine": 2.8},
		{"manufacture": "Mitsubishi", "year": 2003, "engine": 2.4},
		{"manufacture": "Porsche", "year": 2022, "engine": 3.6},
		{"manufacture": "Ferrari", "year": 2023, "engine": 6.3},
		{"manufacture": "Lamborghini", "year": 2019, "engine": 6.5},
		{"manufacture": "McLaren", "year": 2018, "engine": 4.0},
		{"manufacture": "Bugatti", "year": 1989, "engine": 3.6},
		{"manufacture": "Aston Martin", "year": 2005, "engine": 5.9},
		{"manufacture": "Mitsubishi", "year": 2003, "engine": 2.4},
		{"manufacture": "Porsche", "year": 2022, "engine": 3.6},
		{"manufacture": "Ferrari", "year": 2023, "engine": 6.3},
		{"manufacture": "Lamborghini", "year": 2019, "engine": 6.5},
		{"manufacture": "McLaren", "year": 2018, "engine": 4.0},
		{"manufacture": "Bugatti", "year": 1989, "engine": 3.6},
		{"manufacture": "Aston Martin", "year": 2005, "engine": 5.9}
	]
}
