{
	"cars": [
		{"manufacture": "Volvo", "year": 2011, "engine": 2.0},
		{"manufacture": "Chrysler", "year": 1998, "engine": 3.6},
		{"manufacture": "Buick", "year": 2010, "engine": 2.5},
		{"manufacture": "Acura", "year": 2007, "engine": 2.4},
		{"manufacture": "Lincoln", "year": 2008, "engine": 2.7},
		{"manufacture": "Cadillac", "year": 2009, "engine": 3.0},
		{"manufacture": "GMC", "year": 1999, "engine": 3.6},
		{"manufacture": "Jeep", "year": 1989, "engine": 2.0},
		{"manufacture": "Ram", "year": 2004, "engine": 5.7},
		{"manufacture": "Dodge", "year": 1985, "engine": 3.6},
		{"manufacture": "Kia", "year": 1987, "engine": 1.6},
		{"manufacture": "Hyundai", "year": 1997, "engine": 2.0},
		{"manufacture": "Genesis", "year": 2003, "engine": 3.3},
		{"manufacture": "Jaguar", "year": 1995, "engine": 3.0},
		{"manufacture": "Land Rover", "year": 2001, "engine": 2.0},
		{"manufacture": "Subaru", "year": 2002, "engine": 2.4},
		{"manufacture": "Mitsubishi", "year": 1995, "engine": 2.0},
		{"manufacture": "Porsche", "year": 2001, "engine": 3.0},
		{"manufacture": "Ferrari", "year": 2002, "engine": 6.5},
		{"manufacture": "Lamborghini", "year": 1999, "engine": 6.5},
		{"manufacture": "McLaren", "year": 2000, "engine": 4.0},
		{"manufacture": "Bugatti", "year": 2001, "engine": 8.0},
		{"manufacture": "Aston Martin", "year": 2002, "engine": 5.2},
		{"manufacture": "Jeep", "year": 1989, "engine": 2.0},
		{"manufacture": "Ram", "year": 2004, "engine": 5.7},
		{"manufacture": "Dodge", "year": 1985, "engine": 3.6},
		{"manufacture": "Kia", "year": 1987, "engine": 1.6},
		{"manufacture": "Hyundai", "year": 1997, "engine": 2.0},
		{"manufacture": "Genesis", "year": 2003, "engine": 3.3},
		{"manufacture": "Jaguar", "year": 1995, "engine": 3.0},
		{"manufacture": "Chrysler", "year": 1998, "engine": 3.6}
	]
}
